Domain,Status,Attractiveness,Demand,Length,Sectors,Created,Expires,Registrar
brief.gratis,available,124,19%,5,"Business,Education,General,Law",,,
second.gratis,available,120,23%,6,"General,Mathematics",,,
complete.gratis,available,120,21%,8,"Manufacturing,Retail,Technology",,,
wizard.gratis,available,118,42%,6,"Entertainment,Media,Technology",,,
equal.gratis,available,116,19%,5,"Education,General,Law",,,
tenth.gratis,available,116,7%,5,Mathematics,,,
flat.gratis,available,116,24%,4,"Construction,Real Estate",,,
tonic.gratis,available,114,22%,5,"Health and Fitness,Medicine,Science",,,
hotshot.gratis,available,112,14%,7,"Business,Entertainment,Sports",,,
acute.gratis,available,112,9%,5,"Mathematics,Medicine,Science",,,
above.gratis,available,112,22%,5,Business,,,
abstract.gratis,available,108,29%,8,"Arts,Humanities,Science",,,
abiding.gratis,available,106,5%,7,"General,Religion",,,
expert.gratis,available,104,26%,6,"Business,Education,Technology",,,
teen.gratis,available,104,14%,4,"Education,Entertainment,Healthcare",,,
active.gratis,available,104,27%,6,"Health and Fitness,Sports,Travel",,,
extra.gratis,available,102,26%,5,"Fashion,Retail,Technology",,,
absent.gratis,available,102,8%,6,"Business,Education,Technology",,,
captive.gratis,available,102,14%,7,"Entertainment,Hospitality,Technology",,,
eight.gratis,available,102,23%,5,"General,Mathematics",,,
crack.gratis,available,100,20%,5,Sports,,,
abrupt.gratis,available,100,3%,6,"Medicine,Science",,,
whiz.gratis,available,100,12%,4,"Business,Education,Technology",,,
eighth.gratis,available,100,6%,6,Mathematics,,,
ninth.gratis,available,100,9%,5,Mathematics,,,
third.gratis,available,100,16%,5,Mathematics,,,
remove.gratis,available,100,13%,6,"Construction,Manufacturing,Technology",,,
adjunct.gratis,available,100,5%,7,Education,,,
sixth.gratis,available,100,8%,5,Mathematics,,,
genius.gratis,available,98,46%,6,"Arts,Education,Technology",,,
whizz.gratis,available,98,11%,5,"Business,Education,Technology",,,
alamode.gratis,available,96,12%,9,Fashion,,,
academic.gratis,available,96,20%,8,"Education,Humanities,Science",,,
forgiving.gratis,available,96,3%,9,"Healthcare,Religion",,,
actual.gratis,available,96,22%,6,"Real Estate,Retail,Technology",,,
doable.gratis,available,96,9%,6,"Business,Education,Technology",,,
abject.gratis,available,94,7%,6,Humanities,,,
adequate.gratis,available,94,9%,8,"Education,Healthcare,Technology",,,
virtuoso.gratis,available,94,16%,8,"Arts,Entertainment",,,
around.gratis,available,94,22%,6,"Business,General,Media,Technology",,,
about.gratis,available,94,28%,5,"Business,General,Media,Technology",,,
exemplary.gratis,available,92,5%,9,"Business,Education,Healthcare",,,
abroad.gratis,available,92,12%,6,"Hospitality,Travel",,,
next.gratis,available,92,43%,4,"Retail,Technology,Transportation",,,
adept.gratis,available,92,24%,5,"Education,Health and Fitness,Sports",,,
nought.gratis,available,92,4%,6,Mathematics,,,
twentieth.gratis,available,92,3%,9,Mathematics,,,
adjective.gratis,available,92,5%,9,Education,,,
neutral.gratis,available,92,20%,7,"Business,Media,Politics",,,
derelict.gratis,available,92,7%,8,"Construction,Real Estate",,,
riveting.gratis,available,90,6%,8,"Entertainment,Media,Technology",,,
adoring.gratis,available,90,2%,7,"Entertainment,Fashion,Retail",,,
endearing.gratis,available,90,1%,9,"Entertainment,Fashion,Retail",,,
leash.gratis,available,90,7%,5,"General,Health and Fitness,Retail",,,
abortive.gratis,available,90,1%,8,"Medicine,Science",,,
additional.gratis,available,90,8%,10,"Fashion,Retail,Technology",,,
clear.gratis,resell,90,47%,5,"Manufacturing,Retail,Technology",23/12/2017 02:45,23/12/2027 02:45,"GoDaddy.com, LLC"
gripping.gratis,available,90,3%,8,"Entertainment,Media,Technology",,,
addictive.gratis,available,90,9%,9,Healthcare,,,
fifteen.gratis,available,88,13%,7,Mathematics,,,
ten.gratis,available,88,28%,3,"General,Mathematics",,,
hundred.gratis,available,88,14%,7,Mathematics,,,
activist.gratis,available,88,12%,8,"Humanities,Politics",,,
sixteen.gratis,available,88,11%,7,Mathematics,,,
proficient.gratis,available,88,8%,10,"Education,Health and Fitness,Sports",,,
ace.gratis,available,88,34%,3,Sports,,,
adlib.gratis,available,88,7%,6,Entertainment,,,
wide.gratis,available,88,18%,4,"Business,Media,Technology",,,
twelve.gratis,available,88,18%,6,"General,Mathematics",,,
actionable.gratis,available,88,13%,10,"Business,Law",,,
three.gratis,available,88,24%,5,Mathematics,,,
cipher.gratis,available,86,29%,6,Mathematics,,,
extempore.gratis,available,86,3%,9,Entertainment,,,
xix.gratis,available,86,11%,3,Mathematics,,,
recondite.gratis,available,86,4%,9,"Arts,Humanities,Science",,,
xiv.gratis,available,86,12%,3,Mathematics,,,
intent.gratis,available,86,25%,6,"Business,Education,Technology",,,
attendant.gratis,available,86,5%,9,"Healthcare,Hospitality,Transportation",,,
engrossing.gratis,available,86,0%,10,"Entertainment,Media,Technology",,,
adolescent.gratis,available,86,3%,10,"Education,Entertainment,Healthcare",,,
aboriginal.gratis,available,86,10%,10,Humanities,,,
accessory.gratis,available,84,8%,9,"Fashion,Retail,Technology",,,
twentytwo.gratis,available,84,11%,10,Mathematics,,,
deviate.gratis,available,84,12%,7,"Medicine,Science",,,
thirteen.gratis,available,84,10%,8,Mathematics,,,
grand.gratis,available,84,25%,5,"Finance,General",,,
adjustable.gratis,available,84,3%,10,"Manufacturing,Retail,Technology",,,
sharp.gratis,available,84,34%,5,"Arts,Fashion",,,
twentyone.gratis,available,84,13%,10,Mathematics,,,
seventeen.gratis,available,84,7%,9,Mathematics,,,
acting.gratis,available,84,12%,6,Entertainment,,,
thousand.gratis,available,84,8%,8,Mathematics,,,
nineteen.gratis,available,84,8%,8,Mathematics,,,
fourteen.gratis,available,84,8%,8,Mathematics,,,
absorbent.gratis,available,82,3%,9,"Healthcare,Manufacturing,Retail",,,
impromptu.gratis,available,82,16%,9,Entertainment,,,
abdominal.gratis,available,82,1%,9,"Health and Fitness,Medicine",,,
enduring.gratis,available,82,9%,8,"Health and Fitness,Religion",,,
decade.gratis,available,82,10%,6,Mathematics,,,
cleansing.gratis,available,82,3%,9,Health and Fitness,,,
good.gratis,available,82,47%,4,"Food and Beverage,General,Health and Fitness,Retail",,,
altered.gratis,available,82,9%,7,"Medicine,Science",,,
abenaki.gratis,available,82,2%,7,Geography,,,
abkhaz.gratis,available,82,1%,6,Geography,,,
fivesome.gratis,available,82,1%,8,Sports,,,
abroach.gratis,available,82,1%,7,Food and Beverage,,,
dozen.gratis,available,82,10%,5,Mathematics,,,
adoptable.gratis,available,80,3%,9,"Education,Healthcare",,,
wiz.gratis,available,80,30%,3,"Business,Education,Technology",,,
trio.gratis,available,80,21%,4,Entertainment,,,
absorbable.gratis,available,80,0%,10,"Healthcare,Pharmaceuticals,Science",,,
yard.gratis,available,80,26%,4,"Construction,General",,,
forty.gratis,available,80,9%,5,Mathematics,,,
twenty.gratis,available,80,12%,6,Mathematics,,,
seventh.gratis,available,80,10%,7,Mathematics,,,
superstar.gratis,available,80,18%,9,Entertainment,,,
nine.gratis,available,80,24%,4,"General,Mathematics",,,
capable.gratis,available,80,12%,7,"Business,Education,Technology",,,
sequent.gratis,available,80,7%,7,"Healthcare,Insurance,Transportation",,,
absolute.gratis,available,80,25%,8,"Engineering,Mathematics,Science",,,
dorsal.gratis,available,80,6%,6,"Medicine,Science",,,
worshipful.gratis,available,80,1%,10,"Education,Healthcare,Religion",,,
abundant.gratis,available,80,19%,8,"Agriculture,Manufacturing,Retail",,,
absurd.gratis,available,80,16%,6,"Arts,Entertainment,Media",,,
first.gratis,available,80,36%,5,"General,Mathematics",,,
some.gratis,available,80,32%,4,"Business,Media,Retail",,,
two.gratis,available,80,24%,3,Mathematics,,,
able.gratis,available,80,29%,4,"Business,Education,General,Technology",,,
abounding.gratis,available,78,2%,9,Agriculture,,,
accurate.gratis,available,78,16%,8,"Engineering,Mathematics,Science",,,
dormant.gratis,available,78,4%,7,"Medicine,Science",,,
adjacent.gratis,available,78,9%,8,"Construction,Real Estate,Retail",,,
accepted.gratis,available,78,6%,8,"Business,Education,Technology",,,
recognised.gratis,available,78,3%,10,"Business,Education,Technology",,,
athletic.gratis,available,78,15%,8,"Health and Fitness,Sports",,,
abkhazian.gratis,available,78,1%,9,Geography,,,
twentysix.gratis,available,78,8%,10,Mathematics,,,
recognized.gratis,available,78,3%,10,"Business,Education,Technology",,,
acceptable.gratis,available,78,5%,10,"Business,Hospitality,Retail",,,
accessible.gratis,available,78,21%,10,"Healthcare,Retail,Technology",,,
adrenal.gratis,available,78,4%,7,"Education,Healthcare,Science",,,
sixtynine.gratis,available,78,8%,10,Mathematics,,,
accidental.gratis,available,78,11%,10,"Healthcare,Insurance,Transportation",,,
acceptant.gratis,available,78,1%,9,"Education,Healthcare",,,
absorptive.gratis,available,78,1%,10,"Healthcare,Manufacturing,Retail",,,
abkhasian.gratis,available,78,1%,9,Geography,,,
low.gratis,available,78,20%,3,"Business,Finance",,,
adorable.gratis,available,78,8%,8,"Entertainment,Fashion,Retail",,,
honestly.gratis,available,78,9%,8,"Business,Law",,,
nineteenth.gratis,available,76,3%,10,Mathematics,,,
firstrate.gratis,available,76,6%,10,Business,,,
ancillary.gratis,available,76,6%,9,"Healthcare,Manufacturing,Technology",,,
incidental.gratis,available,76,4%,10,"Healthcare,Insurance,Transportation",,,
eighteen.gratis,available,76,7%,8,Mathematics,,,
energizing.gratis,available,76,3%,10,"Food and Beverage,Health and Fitness,Travel",,,
acoustic.gratis,available,76,14%,8,Science,,,
resultant.gratis,available,76,2%,9,"Healthcare,Insurance,Transportation",,,
thousandth.gratis,available,76,1%,10,Mathematics,,,
adipose.gratis,available,76,2%,7,"Healthcare,Science",,,
abrasive.gratis,available,76,6%,8,"Construction,Manufacturing",,,
ague.gratis,available,76,2%,4,"Geography,Medicine,Science",,,
thirteenth.gratis,available,76,4%,10,Mathematics,,,
addable.gratis,available,76,2%,7,"Engineering,Mathematics,Science",,,
improvise.gratis,available,76,4%,9,Entertainment,,,
adhesive.gratis,available,76,7%,8,"Construction,Manufacturing,Technology",,,
threed.gratis,available,76,7%,7,Technology,,,
fourteenth.gratis,available,76,1%,10,Mathematics,,,
fifteenth.gratis,available,76,2%,9,Mathematics,,,
ventral.gratis,available,76,3%,7,Science,,,
auxiliary.gratis,available,76,7%,9,"Healthcare,Manufacturing,Technology",,,
hundredth.gratis,available,76,1%,9,Mathematics,,,
adaptable.gratis,available,76,9%,9,"Business,Education,Technology",,,
obscene.gratis,available,76,5%,7,"Entertainment,Media",,,
adherent.gratis,available,76,4%,8,"Politics,Religion",,,
adaptive.gratis,available,76,28%,8,"Business,Education,Technology",,,
single.gratis,available,74,19%,6,Sports,,,
adamant.gratis,available,74,14%,7,Religion,,,
accepting.gratis,available,74,3%,9,"Education,Healthcare",,,
supra.gratis,available,74,25%,5,"Medicine,Science",,,
adrenergic.gratis,available,74,1%,10,"Education,Healthcare,Science",,,
activated.gratis,available,74,9%,9,"Healthcare,Manufacturing,Technology",,,
realizable.gratis,available,74,1%,10,"Business,Education,Technology",,,
aberrant.gratis,available,74,6%,8,"Medicine,Science",,,
acuate.gratis,available,74,2%,6,"Engineering,Medicine,Science",,,
abnormal.gratis,available,74,16%,8,"Medicine,Science",,,
broad.gratis,available,74,13%,5,"Entertainment,General,Media",,,
manageable.gratis,available,74,4%,10,"Business,Education,Technology",,,
sensation.gratis,available,74,7%,9,"Entertainment,Media,Sports",,,
playing.gratis,available,74,12%,7,Entertainment,,,
cleared.gratis,available,74,7%,7,"Healthcare,Law,Transportation",,,
adapted.gratis,available,74,6%,7,"Healthcare,Manufacturing,Technology",,,
achievable.gratis,available,74,4%,10,"Business,Education,Technology",,,
skilful.gratis,available,74,3%,7,"Education,Health and Fitness,Sports",,,
admirable.gratis,available,74,5%,9,"Business,Education,Healthcare",,,
mavin.gratis,available,74,7%,5,"Entertainment,Fashion,Technology",,,
adenoid.gratis,available,74,1%,7,"Health and Fitness,Medicine,Science",,,
liv.gratis,available,72,27%,3,Mathematics,,,
accusative.gratis,available,72,0%,10,"Humanities,Law",,,
accustomed.gratis,available,72,1%,10,"Business,Education,Humanities",,,
adjectival.gratis,available,72,1%,10,Education,,,
absorbed.gratis,available,72,2%,8,"Entertainment,Media,Technology",,,
eightieth.gratis,available,72,1%,9,Mathematics,,,
abloom.gratis,available,72,5%,6,Agriculture,,,
addicted.gratis,available,72,9%,8,Healthcare,,,
seventieth.gratis,available,72,1%,10,Mathematics,,,
existent.gratis,available,72,3%,8,"Mathematics,Science",,,
engrossed.gratis,available,72,1%,9,"Entertainment,Media,Technology",,,
adaptative.gratis,available,72,1%,10,"Business,Education,Technology",,,
trinity.gratis,available,72,18%,7,Religion,,,
aching.gratis,available,72,4%,6,Healthcare,,,
sixtieth.gratis,available,72,1%,8,Mathematics,,,
champion.gratis,available,72,28%,8,"Entertainment,Health and Fitness,Sports",,,
lovely.gratis,available,72,26%,6,"Entertainment,Fashion,Retail",,,
adonic.gratis,available,72,2%,6,"Arts,Education,Entertainment",,,
absolutist.gratis,available,72,1%,10,"Humanities,Law,Politics",,,
improvize.gratis,available,72,1%,9,Entertainment,,,
ninetieth.gratis,available,72,1%,9,Mathematics,,,
trey.gratis,available,72,14%,4,Sports,,,
adjunctive.gratis,available,72,1%,10,"Healthcare,Manufacturing,Technology",,,
ternary.gratis,available,72,7%,7,Mathematics,,,
ablaze.gratis,available,72,6%,6,Entertainment,,,
adiabatic.gratis,available,72,3%,9,"Engineering,Science",,,
abreast.gratis,available,72,2%,7,"Business,Technology",,,
adored.gratis,available,70,6%,6,"Entertainment,Fashion,Retail",,,
abulic.gratis,available,70,1%,6,Medicine,,,
gymnastic.gratis,available,70,3%,9,"Entertainment,Sports",,,
tiptop.gratis,available,70,24%,6,Fashion,,,
absorbing.gratis,available,70,3%,9,"Entertainment,Media,Technology",,,
admired.gratis,available,70,5%,7,"Business,Education,Healthcare",,,
accumbent.gratis,available,70,1%,9,"Healthcare,Medicine,Science",,,
miserable.gratis,available,70,4%,9,Humanities,,,
offhand.gratis,available,70,2%,7,Entertainment,,,
adamantine.gratis,available,70,4%,10,Religion,,,
consequent.gratis,available,70,3%,10,"Business,Education,General,Technology",,,
abradant.gratis,available,70,1%,8,"Construction,Manufacturing",,,
recumbent.gratis,available,70,2%,9,"Healthcare,Medicine,Science",,,
adjusted.gratis,available,70,5%,8,"Manufacturing,Retail,Technology",,,
unity.gratis,available,70,40%,5,Mathematics,,,
lowdown.gratis,available,70,6%,8,"Entertainment,Media",,,
stillborn.gratis,available,70,2%,9,"Medicine,Science",,,
skillful.gratis,available,70,9%,8,"Education,Health and Fitness,Sports",,,
acuminate.gratis,available,70,1%,9,"Engineering,Medicine,Science",,,
practiced.gratis,available,70,3%,9,"Education,Health and Fitness,Sports",,,
accredited.gratis,available,68,9%,10,"Business,Education,Healthcare",,,
disciple.gratis,available,68,14%,8,"Education,Religion",,,
fiftieth.gratis,available,68,0%,8,Mathematics,,,
sevener.gratis,available,68,1%,7,Mathematics,,,
achaian.gratis,available,68,2%,7,Humanities,,,
foursome.gratis,available,68,4%,8,Sports,,,
vindicated.gratis,available,68,2%,10,"Humanities,Law,Politics",,,
decorated.gratis,available,68,3%,9,"Entertainment,Fashion,Retail",,,
ane.gratis,available,68,12%,3,Mathematics,,,
abducent.gratis,available,68,0%,8,Medicine,,,
licensed.gratis,available,68,5%,8,"Business,Healthcare,Insurance",,,
fortieth.gratis,available,68,0%,8,Mathematics,,,
acerate.gratis,available,68,1%,7,Science,,,
aberdonian.gratis,available,68,1%,10,Geography,,,
scurvy.gratis,available,68,3%,6,Humanities,,,
septenary.gratis,available,68,1%,9,Mathematics,,,
ablative.gratis,available,68,3%,8,Science,,,
abnaki.gratis,available,68,1%,6,Geography,,,
aculeate.gratis,available,68,1%,8,"Engineering,Medicine,Science",,,
achaean.gratis,available,68,2%,7,Humanities,,,
ennead.gratis,available,68,5%,6,Mathematics,,,
octonary.gratis,available,68,1%,8,Mathematics,,,
thirtieth.gratis,available,68,1%,9,Mathematics,,,
licenced.gratis,available,68,2%,8,"Business,Healthcare,Insurance",,,
stygian.gratis,available,68,5%,7,Humanities,,,
activating.gratis,available,68,3%,10,"Healthcare,Manufacturing,Technology",,,
threesome.gratis,available,68,5%,9,Entertainment,,,
abkhas.gratis,available,68,0%,6,Geography,,,
overseas.gratis,available,68,12%,8,"Hospitality,Travel",,,
aroused.gratis,available,68,3%,7,"Entertainment,Health and Fitness",,,
acappella.gratis,available,66,6%,10,Entertainment,,,
accessary.gratis,available,66,1%,9,"Business,Law,Technology",,,
five.gratis,available,66,26%,4,Mathematics,,,
buzzing.gratis,available,66,7%,7,"Entertainment,Media,Technology",,,
xii.gratis,available,66,10%,3,Mathematics,,,
four.gratis,available,66,27%,4,Mathematics,,,
onec.gratis,available,66,6%,5,Mathematics,,,
according.gratis,available,66,3%,9,"Business,Education,Technology",,,
xvii.gratis,available,66,5%,4,Mathematics,,,
ninety.gratis,available,66,11%,6,Mathematics,,,
xxv.gratis,available,66,6%,3,Mathematics,,,
thirty.gratis,available,66,8%,6,Mathematics,,,
xiii.gratis,available,66,9%,4,Mathematics,,,
clv.gratis,available,66,10%,3,Mathematics,,,
abstinent.gratis,available,66,1%,9,"Health and Fitness,Religion",,,
xxi.gratis,available,66,10%,3,Mathematics,,,
xxii.gratis,available,66,6%,4,Mathematics,,,
teenager.gratis,available,66,4%,8,"Education,Entertainment,Healthcare",,,
adorned.gratis,available,66,5%,7,"Entertainment,Fashion,Retail",,,
xviii.gratis,available,66,5%,5,Mathematics,,,
performing.gratis,available,66,6%,10,Entertainment,,,
deuce.gratis,available,66,9%,5,Sports,,,
sextet.gratis,available,66,1%,6,Entertainment,,,
acrobatic.gratis,available,66,4%,9,"Entertainment,Sports",,,
century.gratis,available,66,17%,7,Education,,,
six.gratis,available,66,26%,3,Mathematics,,,
adopted.gratis,available,66,4%,7,"Education,Healthcare",,,
exonerated.gratis,available,66,2%,10,"Humanities,Law,Politics",,,
acervate.gratis,available,66,1%,8,Science,,,
eighty.gratis,available,66,6%,6,Mathematics,,,
tenner.gratis,available,66,5%,6,Finance,,,
maven.gratis,available,66,30%,5,"Entertainment,Fashion,Technology",,,
modish.gratis,available,66,5%,6,Fashion,,,
latest.gratis,available,66,18%,6,Technology,,,
xvi.gratis,available,66,5%,3,Mathematics,,,
xxvi.gratis,available,66,3%,4,Mathematics,,,
fifty.gratis,available,66,12%,5,Mathematics,,,
accordant.gratis,available,64,3%,9,"Arts,Entertainment",,,
acentric.gratis,available,64,2%,8,Science,,,
rising.gratis,available,64,18%,6,"Construction,Manufacturing,Real Estate",,,
aflame.gratis,available,64,3%,6,Entertainment,,,
astringent.gratis,available,64,1%,10,"Healthcare,Pharmaceuticals",,,
scatty.gratis,available,64,1%,6,"Arts,Entertainment,Media",,,
adagio.gratis,available,64,14%,6,Entertainment,,,
absolved.gratis,available,64,1%,8,"Humanities,Law,Religion",,,
deviant.gratis,available,64,12%,7,"Medicine,Science",,,
nondrinker.gratis,available,64,1%,10,"Health and Fitness,Religion",,,
ccc.gratis,available,64,38%,3,Mathematics,,,
activistic.gratis,available,62,1%,10,"Humanities,Politics",,,
pungent.gratis,available,62,1%,7,Food and Beverage,,,
ensuant.gratis,available,62,1%,7,"Healthcare,Insurance,Transportation",,,
abo.gratis,available,62,15%,3,Science,,,
fortyfour.gratis,available,62,6%,10,Mathematics,,,
troika.gratis,available,62,8%,6,Politics,,,
longdozen.gratis,available,62,2%,10,Mathematics,,,
wrapped.gratis,available,62,13%,7,"Fashion,Hospitality,Retail",,,
aufait.gratis,available,62,3%,7,"Fashion,Media",,,
quartet.gratis,available,62,7%,7,"Arts,Entertainment",,,
acidic.gratis,available,62,5%,6,"Food and Beverage,Science",,,
sixteenth.gratis,available,62,1%,9,Mathematics,,,
playacting.gratis,available,62,1%,10,Entertainment,,,
accusing.gratis,available,62,1%,8,Law,,,
eleventh.gratis,available,62,5%,8,Mathematics,,,
admissible.gratis,available,62,1%,10,"Education,Healthcare,Law",,,
nail.gratis,available,62,16%,4,"Construction,Fashion,General,Retail",,,
orso.gratis,available,62,9%,5,"Business,Media,Technology",,,
eighteenth.gratis,available,62,1%,10,Mathematics,,,
activation.gratis,available,62,16%,10,"Healthcare,Manufacturing,Technology",,,
adjuvant.gratis,available,62,5%,8,"Healthcare,Manufacturing,Technology",,,
aborigine.gratis,available,62,1%,9,Humanities,,,
cumulative.gratis,available,62,2%,10,"Banking,Finance,Insurance",,,
accrued.gratis,available,62,2%,7,"Banking,Finance,Insurance",,,
roughly.gratis,available,62,3%,7,"Business,Media,Technology",,,
twodozen.gratis,available,62,1%,9,Mathematics,,,
exculpated.gratis,available,62,1%,10,"Humanities,Law,Politics",,,
adoptive.gratis,available,62,1%,8,"Education,Healthcare",,,
chiliad.gratis,available,62,2%,7,Mathematics,,,
cxx.gratis,available,60,10%,3,Mathematics,,,
abashed.gratis,available,60,1%,7,Humanities,,,
annexal.gratis,available,60,1%,7,"Agriculture,Manufacturing,Retail",,,
adnexal.gratis,available,60,1%,7,"Agriculture,Manufacturing,Retail",,,
tertiary.gratis,available,60,4%,8,Education,,,
clxxx.gratis,available,60,1%,5,Mathematics,,,
clx.gratis,available,60,10%,3,Mathematics,,,
sixty.gratis,available,60,13%,5,Mathematics,,,
paunchy.gratis,available,60,0%,7,"Health and Fitness,Medicine",,,
cxxxv.gratis,available,60,2%,5,Mathematics,,,
abstainer.gratis,available,60,0%,9,"Health and Fitness,Religion",,,
cxl.gratis,available,60,7%,3,Mathematics,,,
xcl.gratis,available,60,5%,3,Mathematics,,,
cautionary.gratis,available,60,1%,10,"Business,Education,Healthcare",,,
adnate.gratis,available,60,1%,6,"Agriculture,Manufacturing,Retail",,,
cxxv.gratis,available,60,1%,4,Mathematics,,,
idolised.gratis,available,60,1%,8,"Entertainment,Fashion,Retail",,,
abstemious.gratis,available,60,0%,10,"Food and Beverage,Health and Fitness,Hospitality",,,
acceptive.gratis,available,60,1%,9,"Education,Healthcare",,,
thou.gratis,available,60,7%,4,Mathematics,,,
aboveboard.gratis,available,60,5%,10,"Business,Law",,,
octet.gratis,available,60,12%,5,Arts,,,
cxv.gratis,available,60,4%,3,Mathematics,,,
cxxx.gratis,available,60,4%,4,Mathematics,,,
clxxv.gratis,available,60,1%,5,Mathematics,,,
clxv.gratis,available,60,1%,4,Mathematics,,,
idolized.gratis,available,60,3%,8,"Entertainment,Fashion,Retail",,,
eightysix.gratis,available,60,7%,10,Mathematics,,,
cxlv.gratis,available,60,2%,4,Mathematics,,,
clxx.gratis,available,60,3%,4,Mathematics,,,
tercet.gratis,available,59,2%,6,"Arts,Entertainment,Media",,,
acetic.gratis,available,58,1%,6,"Food and Beverage,Science",,,
accretive.gratis,available,58,6%,9,"Banking,Finance,Insurance",,,
fourscore.gratis,available,58,4%,9,Mathematics,,,
octad.gratis,available,58,5%,5,Mathematics,,,
abandoned.gratis,available,58,10%,9,"Construction,Real Estate",,,
seven.gratis,available,58,36%,5,Mathematics,,,
seventy.gratis,available,58,7%,7,Mathematics,,,
abused.gratis,available,58,5%,6,"Healthcare,Law",,,
eighter.gratis,available,58,2%,7,Mathematics,,,
niner.gratis,available,58,5%,5,Mathematics,,,
abridged.gratis,available,58,4%,8,Media,,,
closeto.gratis,available,58,3%,8,"Business,Media,Technology",,,
acyclic.gratis,available,58,4%,7,"Engineering,Mathematics,Science",,,
tetrad.gratis,available,58,5%,6,Mathematics,,,
aucourant.gratis,available,58,3%,10,"Fashion,Media",,,
adjustive.gratis,available,58,1%,9,"Manufacturing,Retail,Technology",,,
accented.gratis,available,58,3%,8,"Arts,Entertainment",,,
heptad.gratis,available,58,1%,6,Mathematics,,,
addressed.gratis,available,58,3%,9,"Business,Technology,Telecommunications",,,
twelfth.gratis,available,58,2%,7,Mathematics,,,
abuzz.gratis,available,58,5%,5,"Entertainment,Media,Technology",,,
hexad.gratis,available,58,4%,5,Mathematics,,,
quintet.gratis,available,58,8%,7,"Arts,Entertainment",,,
justabout.gratis,available,58,3%,10,"Business,Media,Technology",,,
cypher.gratis,available,58,29%,6,Mathematics,,,
sixer.gratis,available,58,5%,5,Sports,,,
addible.gratis,available,58,2%,7,"Engineering,Mathematics,Science",,,
fifth.gratis,available,58,12%,5,Mathematics,,,
linear.gratis,available,58,22%,6,"Engineering,Mathematics,Science",,,
sextuplet.gratis,available,58,1%,9,Healthcare,,,
lxxx.gratis,available,58,2%,4,Mathematics,,,
adient.gratis,available,58,4%,6,"Medicine,Science",,,
offhanded.gratis,available,58,1%,9,Entertainment,,,
actuarial.gratis,available,58,8%,9,"Finance,Insurance,Mathematics",,,
centesimal.gratis,available,58,1%,10,Mathematics,,,
pentad.gratis,available,58,2%,6,Mathematics,,,
alacarte.gratis,available,58,11%,10,Food and Beverage,,,
ache.gratis,available,58,7%,4,Healthcare,,,
accoutred.gratis,available,58,1%,9,"Fashion,Manufacturing,Retail",,,
super.gratis,available,58,47%,5,Business,,,
enwrapped.gratis,available,58,0%,9,"Entertainment,Fashion,Media",,,
sixtyone.gratis,available,58,3%,9,Mathematics,,,
lxxviii.gratis,available,58,1%,7,Mathematics,,,
fourth.gratis,available,58,13%,6,Mathematics,,,
adhoc.gratis,available,58,24%,6,"Business,Engineering,Technology",,,
xxxii.gratis,available,56,1%,5,Mathematics,,,
fiftyfour.gratis,available,56,3%,10,Mathematics,,,
lviii.gratis,available,56,1%,5,Mathematics,,,
abeyant.gratis,available,56,1%,7,"Business,Law",,,
xxxvii.gratis,available,56,2%,6,Mathematics,,,
maledict.gratis,available,56,1%,8,Religion,,,
fiftytwo.gratis,available,56,6%,9,Mathematics,,,
admissive.gratis,available,56,1%,9,"Education,Healthcare,Hospitality",,,
fiftysix.gratis,available,56,4%,9,Mathematics,,,
xlvi.gratis,available,56,3%,4,Mathematics,,,
thirtytwo.gratis,available,56,5%,10,Mathematics,,,
fortytwo.gratis,available,56,17%,9,Mathematics,,,
xliv.gratis,available,56,2%,4,Mathematics,,,
fortynine.gratis,available,56,3%,10,Mathematics,,,
triad.gratis,available,56,15%,5,Arts,,,
lvi.gratis,available,56,8%,3,Mathematics,,,
xlii.gratis,available,56,5%,4,Mathematics,,,
xxxvi.gratis,available,56,1%,5,Mathematics,,,
liii.gratis,available,56,4%,4,Mathematics,,,
fortysix.gratis,available,56,3%,9,Mathematics,,,
aone.gratis,available,56,15%,5,Food and Beverage,,,
admittible.gratis,available,56,1%,10,"Education,Healthcare,Hospitality",,,
xli.gratis,available,56,5%,3,Mathematics,,,
admittable.gratis,available,56,1%,10,"Education,Healthcare,Hospitality",,,
xxviii.gratis,available,56,1%,6,Mathematics,,,
accoutered.gratis,available,56,0%,10,"Fashion,Manufacturing,Retail",,,
xxxiv.gratis,available,56,1%,5,Mathematics,,,
potbellied.gratis,available,56,0%,10,"Health and Fitness,Medicine",,,
fiftyone.gratis,available,56,7%,9,Mathematics,,,
xlviii.gratis,available,56,1%,6,Mathematics,,,
xxxviii.gratis,available,56,1%,7,Mathematics,,,
appressed.gratis,available,56,0%,9,"Agriculture,Manufacturing,Retail",,,
xxxv.gratis,available,56,4%,4,Mathematics,,,
xxvii.gratis,available,56,3%,5,Mathematics,,,
xxiv.gratis,available,56,5%,4,Mathematics,,,
thirtyone.gratis,available,56,5%,10,Mathematics,,,
fortyone.gratis,available,56,4%,9,Mathematics,,,
fiftynine.gratis,available,56,4%,10,Mathematics,,,
ilx.gratis,available,56,5%,3,Mathematics,,,
xlvii.gratis,available,56,2%,5,Mathematics,,,
xxxiii.gratis,available,56,2%,6,Mathematics,,,
xliii.gratis,available,56,1%,5,Mathematics,,,
lii.gratis,available,56,7%,3,Mathematics,,,
xxix.gratis,available,56,4%,4,Mathematics,,,
addled.gratis,available,56,2%,6,Entertainment,,,
lvii.gratis,available,56,1%,4,Mathematics,,,
halfdozen.gratis,available,56,1%,10,Mathematics,,,
xxxi.gratis,available,56,9%,4,Mathematics,,,
xxiii.gratis,available,56,5%,5,Mathematics,,,
terzetto.gratis,available,56,3%,8,Arts,,,
fiftyfive.gratis,available,56,7%,10,Mathematics,,,
abdominous.gratis,available,56,0%,10,"Health and Fitness,Medicine",,,
thirtysix.gratis,available,56,5%,10,Mathematics,,,
xlv.gratis,available,56,6%,3,Mathematics,,,
threescore.gratis,available,54,1%,10,Mathematics,,,
admonitory.gratis,available,54,0%,10,"Business,Education,Healthcare",,,
deuceace.gratis,available,54,2%,9,Sports,,,
sise.gratis,available,54,5%,4,Mathematics,,,
adpressed.gratis,available,54,0%,9,"Agriculture,Manufacturing,Retail",,,
fortyfive.gratis,available,54,4%,10,Mathematics,,,
actuated.gratis,available,54,2%,8,"Automotive,Manufacturing,Technology",,,
twoscore.gratis,available,54,2%,8,Mathematics,,,
quadruplet.gratis,available,54,1%,10,"Healthcare,Medicine,Science",,,
adjuratory.gratis,available,54,0%,10,"Law,Politics,Religion",,,
adaxial.gratis,available,54,2%,7,Science,,,
accentual.gratis,available,54,3%,9,"Arts,Entertainment",,,
topnotch.gratis,available,54,18%,8,Business,,,
achromatic.gratis,available,54,4%,10,Science,,,
vii.gratis,available,54,13%,3,Mathematics,,,
aboral.gratis,available,54,2%,6,Science,,,
adducent.gratis,available,54,1%,8,"Engineering,Mathematics,Science",,,
adductive.gratis,available,54,0%,9,"Engineering,Mathematics,Science",,,
abient.gratis,available,54,1%,6,Science,,,
scratchy.gratis,available,54,3%,8,Fashion,,,
abasic.gratis,available,54,1%,6,Science,,,
achy.gratis,available,54,3%,4,Healthcare,,,
quaternion.gratis,available,54,6%,10,Mathematics,,,
abhorrent.gratis,available,54,1%,9,Humanities,,,
quatern.gratis,available,54,2%,7,Mathematics,,,
accursed.gratis,available,54,3%,8,"Entertainment,Media,Religion",,,
iii.gratis,available,54,24%,3,Mathematics,,,
abducens.gratis,available,54,1%,8,Medicine,,,
ternion.gratis,available,54,3%,7,Mathematics,,,
abatable.gratis,available,54,1%,8,Law,,,
quaternity.gratis,available,54,4%,10,Mathematics,,,
abatic.gratis,available,54,1%,6,Science,,,
abaxial.gratis,available,54,1%,7,Science,,,
monitory.gratis,available,54,3%,8,"Business,Education,Healthcare",,,
adducting.gratis,available,54,1%,9,"Engineering,Mathematics,Science",,,
acoustical.gratis,available,54,4%,10,Science,,,
quintuplet.gratis,available,54,1%,10,"Healthcare,Medicine,Science",,,
viii.gratis,available,54,6%,4,Mathematics,,,
unnatural.gratis,available,54,4%,9,"Medicine,Science",,,
deserted.gratis,available,54,3%,8,"Hospitality,Real Estate",,,
fin.gratis,available,54,30%,3,Finance,,,
sestet.gratis,available,53,1%,6,Arts,,,
xxx.gratis,resell,53,30%,3,"Arts,Entertainment,Media",25/07/2015 16:00,25/07/2027 16:00,"GoDaddy.com, LLC"
septet.gratis,available,53,1%,6,General,,,
sixtytwo.gratis,available,52,3%,9,Mathematics,,,
repulsive.gratis,available,52,1%,9,Humanities,,,
lxxii.gratis,available,52,1%,5,Mathematics,,,
lxii.gratis,available,52,1%,4,Mathematics,,,
abusive.gratis,available,52,3%,7,"Healthcare,Law",,,
xcii.gratis,available,52,2%,4,Mathematics,,,
lxxxiv.gratis,available,52,1%,6,Mathematics,,,
decumbent.gratis,available,52,1%,9,"Healthcare,Medicine,Science",,,
xcvi.gratis,available,52,2%,4,Mathematics,,,
ninetyone.gratis,available,52,5%,10,Mathematics,,,
xci.gratis,available,52,4%,3,Mathematics,,,
abominable.gratis,available,52,2%,10,"Entertainment,Humanities",,,
lxv.gratis,available,52,5%,3,Mathematics,,,
lxxxi.gratis,available,52,1%,5,Mathematics,,,
lxiii.gratis,available,52,2%,5,Mathematics,,,
repugnant.gratis,available,52,1%,9,Humanities,,,
detestable.gratis,available,52,1%,10,Humanities,,,
ixc.gratis,available,52,5%,3,Mathematics,,,
lxxvii.gratis,available,52,2%,6,Mathematics,,,
lxxxii.gratis,available,52,1%,6,Mathematics,,,
xcv.gratis,available,52,7%,3,Mathematics,,,
abysmal.gratis,available,52,4%,7,"Arts,Entertainment,Media",,,
lxi.gratis,available,52,5%,3,Mathematics,,,
chagrined.gratis,available,52,1%,9,Humanities,,,
lxxxiii.gratis,available,52,1%,7,Mathematics,,,
tierce.gratis,available,52,3%,6,General,,,
lxxv.gratis,available,52,1%,4,Mathematics,,,
sixtyfour.gratis,available,52,3%,10,Mathematics,,,
lxxiii.gratis,available,52,1%,6,Mathematics,,,
lxxxv.gratis,available,52,1%,5,Mathematics,,,
sixtysix.gratis,available,52,4%,9,Mathematics,,,
eightyone.gratis,available,52,3%,10,Mathematics,,,
lxxiv.gratis,available,52,1%,5,Mathematics,,,
xcvii.gratis,available,52,1%,5,Mathematics,,,
ninetysix.gratis,available,52,4%,10,Mathematics,,,
lxxvi.gratis,available,52,1%,5,Mathematics,,,
sixtyfive.gratis,available,52,3%,10,Mathematics,,,
uphill.gratis,available,52,7%,6,"Sports,Transportation,Travel",,,
abstruse.gratis,available,52,5%,8,"Humanities,Mathematics,Science",,,
ixl.gratis,available,52,9%,3,Mathematics,,,
lxviii.gratis,available,52,1%,6,Mathematics,,,
xcviii.gratis,available,52,1%,6,Mathematics,,,
odious.gratis,available,52,2%,6,"Entertainment,Humanities",,,
ablated.gratis,available,52,1%,7,Science,,,
lxiv.gratis,available,52,3%,4,Mathematics,,,
xciv.gratis,available,52,2%,4,Mathematics,,,
xciii.gratis,available,52,1%,5,Mathematics,,,
eightytwo.gratis,available,52,4%,10,Mathematics,,,
lxxxvi.gratis,available,52,1%,6,Mathematics,,,
lxvii.gratis,available,52,1%,5,Mathematics,,,
lxxxvii.gratis,available,52,1%,7,Mathematics,,,
adenoidal.gratis,available,52,1%,9,"Health and Fitness,Medicine,Science",,,
lxvi.gratis,available,52,3%,4,Mathematics,,,
aboulic.gratis,available,52,1%,7,Medicine,,,
littlejoe.gratis,available,52,2%,10,"Entertainment,Media",,,
ninetytwo.gratis,available,52,4%,10,Mathematics,,,
lxxi.gratis,available,52,1%,4,Mathematics,,,
acellular.gratis,available,50,1%,9,Science,,,
lxx.gratis,available,50,5%,3,Mathematics,,,
abdicable.gratis,available,50,0%,9,Law,,,
adhominem.gratis,available,50,2%,10,"Humanities,Law,Politics",,,
acapnotic.gratis,available,50,0%,9,"Healthcare,Medicine,Science",,,
aculeated.gratis,available,50,0%,9,"Engineering,Medicine,Science",,,
acerbic.gratis,available,50,2%,7,"Arts,Humanities,Media",,,
abbatial.gratis,available,50,0%,8,Religion,,,
ogdoad.gratis,available,50,1%,6,Mathematics,,,
trine.gratis,available,50,11%,5,"General,Religion",,,
gillless.gratis,available,50,0%,9,Science,,,
abducting.gratis,available,50,0%,9,Medicine,,,
acetous.gratis,available,50,1%,7,Science,,,
triplet.gratis,available,50,8%,7,Science,,,
abactinal.gratis,available,50,0%,9,Science,,,
abomasal.gratis,available,50,0%,8,Agriculture,,,
aborticide.gratis,available,50,0%,10,Medicine,,,
vinegary.gratis,available,50,1%,8,Food and Beverage,,,
acerb.gratis,available,50,2%,5,Science,,,
acetose.gratis,available,50,1%,7,Science,,,
acerose.gratis,available,50,1%,7,Science,,,
scummy.gratis,available,50,1%,6,Humanities,,,
acquitted.gratis,available,50,1%,9,Law,,,
abranchial.gratis,available,50,0%,10,Science,,,
acaudal.gratis,available,50,1%,7,"Agriculture,Science",,,
acapnic.gratis,available,50,0%,7,"Healthcare,Medicine,Science",,,
quint.gratis,available,50,13%,5,"Arts,Entertainment",,,
spinous.gratis,available,50,1%,7,"Agriculture,Science",,,
cinque.gratis,available,50,7%,6,Mathematics,,,
adactylous.gratis,available,50,0%,10,Science,,,
needlelike.gratis,available,50,0%,10,"Engineering,Medicine,Science",,,
broached.gratis,available,50,0%,8,Food and Beverage,,,
ilxx.gratis,available,48,1%,4,Mathematics,,,
lxxxviii.gratis,available,48,1%,8,Mathematics,,,
abyssal.gratis,available,48,12%,7,"Arts,Entertainment,Media",,,
notguilty.gratis,available,48,5%,10,Law,,,
ilxxx.gratis,available,48,1%,5,Mathematics,,,
abstracted.gratis,available,48,5%,10,"Arts,Humanities,Science",,,
apriori.gratis,available,48,13%,8,Mathematics,,,
execrable.gratis,available,48,0%,9,"Entertainment,Humanities",,,
acanthotic.gratis,available,46,0%,10,"Agriculture,Science",,,
achromous.gratis,available,46,1%,9,Science,,,
vinegarish.gratis,available,46,1%,10,Food and Beverage,,,
acarpous.gratis,available,46,0%,8,"Agriculture,Science",,,
acicular.gratis,available,46,2%,8,Science,,,
acanthous.gratis,available,46,0%,9,"Agriculture,Science",,,
achromic.gratis,available,46,2%,8,Science,,,
acheronian.gratis,available,46,1%,10,Humanities,,,
acetabular.gratis,available,46,1%,10,Science,,,
acaudate.gratis,available,46,1%,8,"Agriculture,Science",,,
acarpelous.gratis,available,46,0%,10,"Agriculture,Science",,,
stripling.gratis,available,46,2%,9,"Education,Entertainment,Healthcare",,,
acetylenic.gratis,available,46,1%,10,Science,,,
acephalous.gratis,available,46,1%,10,Science,,,
cotyloid.gratis,available,46,1%,8,Science,,,
quaternary.gratis,available,46,3%,10,Mathematics,,,
theabsurd.gratis,available,46,1%,10,"Arts,Entertainment,Media",,,
achenial.gratis,available,46,1%,8,Science,,,
acetylic.gratis,available,46,1%,8,Science,,,
acapnial.gratis,available,46,0%,8,"Healthcare,Medicine,Science",,,
acetonic.gratis,available,46,1%,8,Science,,,
acanthoid.gratis,available,46,1%,9,"Agriculture,Science",,,
stemless.gratis,available,46,2%,8,"Agriculture,Science",,,
cotyloidal.gratis,available,44,1%,10,Science,,,
acherontic.gratis,available,44,1%,10,Humanities,,,
accusatory.gratis,available,44,1%,10,Law,,,
phoebe.gratis,available,41,14%,6,Science,,,
abscessed.gratis,available,41,0%,9,Healthcare,,,
accusive.gratis,available,40,1%,8,Law,,,
scurrilous.gratis,available,40,1%,10,"Entertainment,Media,Politics",,,
accurst.gratis,available,40,1%,7,Religion,,,